{
	"name": "GoogleSpeechCommands_TCResNet14",
	"n_gpu": 1,

	"arch": {
		"type": "TCResNet14",
		"dataset": "GoogleSpeechCommands",
		"args": {
			"input_size": 40,
			"output_size": 12,
			"num_channels": [24, 36, 36, 48, 48, 72, 72],
			"levels": 6,
			"kernel_size": 9,
			"dropout": 0.5,
			"grad_clip": -1
		}
	},
	"nas": {
		"do_nas": false,
		"nas_config":{
			"schedule":{
				"channels": "same",
				"filters": "same",
				"dilation": "same"
			},
			"target":{
				"dilation": true,
				"filters": true,
				"channels": true
			},
			"mask_type":{
				"type": "sum",
				"dilation": "binary",
				"filters": "binary",
				"channels": "binary"
			},
			"hysteresis":{
				"do": false,
				"eps": 0.0
			},
			"group_binarize": true,
			"regularizer": "flops",
			"rf_expansion_ratio": 1,
			"granularity": 2,
			"tau": 0.001,
			"strength":{
				"fixed": true,
				"value": 5e-8
			},	
			"warmup_epochs": "max"
		}
	},
	"data_loader": {
		"type": "GoogleSpeechCommandsDataLoader",
		"args":{
			"data_dir": "!!!SPECIFY PATH!!!",
			"batch_size": 100,
			"shuffle": true,
			"num_workers": 4
		}
	},
	"optimizer": {
		"type": "Adam",
		"args":{
			"lr": 1e-3,
			"weight_decay": 0.001,
			"amsgrad": false
		}
	},
	"loss": "crossentropy_loss",
	"metrics": [
		"accuracy"
	],

	"lr_scheduler": {},
	
    	"trainer": {
		"type": "GoogleSpeechCommandsTrainer",
		"epochs": 500,
		"save_dir": "!!!SPECIFY PATH!!!",
		"save_period": 5,
		"verbosity": 2,
		
		"monitor": "max val_accuracy",
		"early_stop": 15,

		"tensorboard": false,
		"cross_validation": {
			"do": false,
			"folds": 27
		}
	}
}
