{
	"name": "NinaProDB1_TCCNet",
	"n_gpu": 1,

	"arch": {
		"type": "TCCNet",
		"dataset": "NinaProDB1",
		"args": {
			"input_size": 10,
			"output_size": 53,
			"num_channels":  [32, 32, 64],
			"levels": 3,
			"kernel_size": 3,
			"dropout": 0.05,
			"grad_clip": -1,
			"classify_as": "att"
		}
	},
	"nas": {
		"do_nas": false,
		"nas_config":{
			"schedule":{
				"channels": "same",
				"filters": "same",
				"dilation": "same"
			},
			"target":{
				"dilation": true,
				"filters": true,
				"channels": true 
			},
			"mask_type":{
				"type": "sum",
				"dilation": "binary",
				"filters": "binary",
				"channels": "binary"
			},
			"hysteresis":{
				"do": false,
				"eps": 0.0
			},
			"group_binarize": true,
			"regularizer": "flops",
			"rf_expansion_ratio": 1,
			"granularity": 2,
			"tau": 0.001,
			"strength":{
				"fixed": true,
				"value": 5e-8
			},
			"warmup_epochs": "max"
		}
	},
	"data_loader": {
		"type": "NinaProDB1DataLoader",
		"args":{
			"data_dir": "!!!SPECIFY PATH!!!",
			"batch_size": 128,
			"shuffle": true,
			"validation_split": 0.1,
			"num_workers": 4
		}
	},
	"optimizer": {
		"type": "Adam",
		"args":{
			"lr": 1e-3,
			"weight_decay": 0.0005,
			"amsgrad": false
		}
	},
	"loss": "crossentropy_loss",
	"metrics": [
		"accuracy"
	],

	"lr_scheduler": {},
	
    "trainer": {
		"type": "NinaProDB1Trainer",
		"epochs": 500,
		"save_dir": "!!!SPECIFY PATH!!!",
		"save_period": 5,
		"verbosity": 2,
		
		"monitor": "max val_accuracy",
		"early_stop": 20,

		"tensorboard": false,
		"cross_validation": {
			"do": true,
			"folds": 27
		}
	}
}
